{"questions_stem":"在二维平面上，有一个机器人从原点 (0, 0) 开始，给出它的移动顺序，判断这个机器人在完成移动后是否在 (0, 0) 处结束。\n\n移动顺序由字符串表示。机器人的有效动作有 R（右），L（左），U（上）和 D（下）。如果机器人在完成所有动作后返回原点，则返回 true。否则，返回 false。\n\n示例 1:\n\n        输入: \"UD\"\n        输出: true\n        解释：机器人向上移动一次，然后向下移动一次。所有动作都具有相同的幅度，因此它最终回到它开始的原点。因此，我们返回 true。\n\n示例 2:\n\n        输入: \"LL\"\n        输出: false\n        解释：机器人向左移动两次。它最终位于原点的左侧，距原点有两次 “移动” 的距离。我们返回 false，因为它在移动结束时没有返回原点。\n\n\n注意：机器人“面朝”的方向无关紧要。 “R” 将始终使机器人向右移动一次，“L” 将始终向左移动等。此外，假设每次移动机器人的移动幅度相同。\n\n请根据题意在横线处填写合适的代码：\n\n\n  function check(str){\n            var U = 0, D = 0, L = 0, R = 0;\n            for(var i=0; i < str.length; i++){\n                switch (str[i]){\n                    case \"U\":______ ;break;\n                    case \"D\":______ ;break;\n                    case \"L\":______ ;break;\n                    case \"R\":______ ;break;\n                }\n            }\n            return ( ______ && ______ ) \n  }","questions_answer":"function check(str){\n            var U=0,D=0,L=0,R=0;\n\n            for(var i=0; i < str.length; i++){\n                switch (str[i]){\n                    case \"U\": U++;break;\n                    case \"D\": D++;break;\n                    case \"L\": L++;break;\n                    case \"R\": R++;break;\n                }\n                \n            }\n            return (U===D && L===R) \n}","questions_id":"4t0rar-39c33-wq098t-phh5ht"}