{
  "config": {
    "session": {
      "maxAge": 86400000,
      "key": "EGG_SESS",
      "httpOnly": true,
      "encrypt": true,
      "overwrite": true,
      "signed": true,
      "autoCommit": true,
      "encode": "<Function encode>",
      "decode": "<Function decode>",
      "genid": "<Function anonymous>"
    },
    "security": {
      "domainWhiteList": [],
      "protocolWhiteList": [],
      "defaultMiddleware": "csrf,hsts,methodnoallow,noopen,nosniff,csp,xssProtection,xframe,dta",
      "csrf": {
        "enable": false,
        "useSession": false,
        "ignoreJSON": false,
        "cookieName": "csrfToken",
        "sessionName": "csrfToken",
        "headerName": "x-csrf-token",
        "bodyName": "_csrf",
        "queryName": "_csrf"
      },
      "xframe": {
        "enable": true,
        "value": "SAMEORIGIN",
        "matching": "<Function anonymous>"
      },
      "hsts": {
        "enable": false,
        "maxAge": 31536000,
        "includeSubdomains": false
      },
      "dta": {
        "enable": true,
        "matching": "<Function anonymous>"
      },
      "methodnoallow": {
        "enable": true,
        "matching": "<Function anonymous>"
      },
      "noopen": {
        "enable": true,
        "matching": "<Function anonymous>"
      },
      "nosniff": {
        "enable": true,
        "matching": "<Function anonymous>"
      },
      "referrerPolicy": {
        "enable": false,
        "value": "no-referrer-when-downgrade"
      },
      "xssProtection": {
        "enable": true,
        "value": "1; mode=block",
        "matching": "<Function anonymous>"
      },
      "csp": {
        "enable": false,
        "policy": {}
      },
      "ssrf": {
        "ipBlackList": null,
        "checkAddress": null
      },
      "_protocolWhiteListSet": "<Set>"
    },
    "helper": {
      "shtml": {}
    },
    "jsonp": {
      "limit": 50,
      "callback": [
        "_callback",
        "callback"
      ],
      "csrf": false
    },
    "onerror": {
      "errorPageUrl": "",
      "appErrorFilter": null,
      "templatePath": "D:\\web\\egg-exam\\node_modules\\_egg-onerror@2.1.0@egg-onerror\\lib\\onerror_page.mustache"
    },
    "i18n": {
      "defaultLocale": "en_US",
      "dirs": [
        "D:\\web\\egg-exam\\node_modules\\_egg-session@3.1.0@egg-session\\config\\locales",
        "D:\\web\\egg-exam\\node_modules\\_egg-security@2.4.3@egg-security\\config\\locales",
        "D:\\web\\egg-exam\\node_modules\\_egg-jsonp@2.0.0@egg-jsonp\\config\\locales",
        "D:\\web\\egg-exam\\node_modules\\_egg-onerror@2.1.0@egg-onerror\\config\\locales",
        "D:\\web\\egg-exam\\node_modules\\_egg-i18n@2.0.0@egg-i18n\\config\\locales",
        "D:\\web\\egg-exam\\node_modules\\_egg-watcher@3.1.0@egg-watcher\\config\\locales",
        "D:\\web\\egg-exam\\node_modules\\_egg-schedule@3.6.0@egg-schedule\\config\\locales",
        "D:\\web\\egg-exam\\node_modules\\_egg-multipart@2.4.0@egg-multipart\\config\\locales",
        "D:\\web\\egg-exam\\node_modules\\_egg-development@2.4.2@egg-development\\config\\locales",
        "D:\\web\\egg-exam\\node_modules\\_egg-logrotator@3.0.5@egg-logrotator\\config\\locales",
        "D:\\web\\egg-exam\\node_modules\\_egg-static@2.2.0@egg-static\\config\\locales",
        "D:\\web\\egg-exam\\node_modules\\_egg-view@2.1.2@egg-view\\config\\locales",
        "D:\\web\\egg-exam\\node_modules\\_egg-mysql@3.0.0@egg-mysql\\config\\locales",
        "D:\\web\\egg-exam\\node_modules\\_egg-validate@2.0.2@egg-validate\\config\\locales",
        "D:\\web\\egg-exam\\node_modules\\_egg-alinode@2.0.1@egg-alinode\\config\\locales",
        "D:\\web\\egg-exam\\node_modules\\_egg-cors@2.2.0@egg-cors\\config\\locales",
        "D:\\web\\egg-exam\\node_modules\\_egg@2.19.0@egg\\config\\locales",
        "D:\\web\\egg-exam\\config\\locales"
      ],
      "queryField": "locale",
      "cookieField": "locale",
      "cookieMaxAge": "1y",
      "functionName": "__"
    },
    "watcher": {
      "type": "development",
      "eventSources": {
        "default": "D:\\web\\egg-exam\\node_modules\\_egg-watcher@3.1.0@egg-watcher\\lib\\event-sources\\default",
        "development": "D:\\web\\egg-exam\\node_modules\\_egg-watcher@3.1.0@egg-watcher\\lib\\event-sources\\development"
      }
    },
    "customLogger": {
      "scheduleLogger": {
        "consoleLevel": "NONE",
        "file": "D:\\web\\egg-exam\\logs\\egg-exam\\egg-schedule.log"
      }
    },
    "schedule": {
      "directory": []
    },
    "multipart": {
      "mode": "file",
      "autoFields": false,
      "defaultCharset": "utf8",
      "fieldNameSize": 100,
      "fieldSize": 102400,
      "fields": 10,
      "fileSize": 10485760,
      "files": 10,
      "fileExtensions": [],
      "whitelist": null,
      "tmpdir": "C:\\Users\\jason\\AppData\\Local\\Temp\\egg-multipart-tmp\\egg-exam",
      "cleanSchedule": {
        "cron": "0 30 4 * * *"
      }
    },
    "development": {
      "watchDirs": [],
      "ignoreDirs": [],
      "fastReady": false,
      "reloadOnDebug": true,
      "overrideDefault": false
    },
    "logrotator": {
      "filesRotateByHour": null,
      "hourDelimiter": "-",
      "filesRotateBySize": null,
      "maxFileSize": 52428800,
      "maxFiles": 10,
      "rotateDuration": 60000,
      "maxDays": 31
    },
    "static": {
      "prefix": "/public/",
      "dir": "D:\\web\\egg-exam\\app\\public",
      "dynamic": true,
      "preload": false,
      "buffer": false,
      "maxFiles": 1000
    },
    "view": {
      "root": "D:\\web\\egg-exam\\app\\view",
      "cache": false,
      "defaultExtension": ".html",
      "defaultViewEngine": "",
      "mapping": {}
    },
    "mysql": {
      "default": {
        "database": null,
        "connectionLimit": 5
      },
      "app": true,
      "agent": false,
      "client": {
        "host": "localhost",
        "port": 3306,
        "user": "root",
        "password": "<String len: 0>",
        "database": "exam"
      }
    },
    "validate": {},
    "alinode": {
      "enable": true,
      "server": "wss://agentserver.node.aliyun.com:8080",
      "appid": "78838",
      "secret": "<String len: 40>",
      "cmddir": "D:\\web\\egg-exam\\node_modules\\_commandx@1.5.4@commandx",
      "logdir": "D:\\web\\egg-exam\\logs\\alinode",
      "error_log": [
        "D:\\web\\egg-exam\\logs\\egg-exam\\common-error.log",
        "D:\\web\\egg-exam\\logs\\stderr.log"
      ],
      "packages": [
        "D:\\web\\egg-exam\\package.json"
      ],
      "reconnectDelay": 10,
      "heartbeatInterval": 60,
      "reportInterval": 60
    },
    "cors": {
      "origin": "*",
      "allowMethods": "GET,HEAD,PUT,POST,DELETE,PATCH"
    },
    "env": "local",
    "name": "egg-exam",
    "keys": "<String len: 3>",
    "proxy": false,
    "protocolHeaders": "x-forwarded-proto",
    "ipHeaders": "x-forwarded-for",
    "hostHeaders": "",
    "pkg": {
      "name": "egg-exam",
      "version": "1.0.0",
      "description": "",
      "main": "index.js",
      "scripts": {
        "dev": "egg-bin dev",
        "test": "egg-bin test --title=egg-exam",
        "start": "egg-scripts start --daemon --title=egg-exam",
        "stop": "egg-scripts stop"
      },
      "author": "",
      "license": "ISC",
      "dependencies": {
        "egg": "^2.14.2",
        "egg-alinode": "^2.0.1",
        "egg-cors": "^2.2.0",
        "egg-mysql": "^3.0.0",
        "egg-scripts": "^2.11.0",
        "egg-validate": "^2.0.2",
        "jsonwebtoken": "^8.4.0",
        "markdown-it": "^8.4.2",
        "monaco-editor": "^0.14.3",
        "node-xlsx": "^0.12.1"
      },
      "devDependencies": {
        "egg-bin": "^4.10.0",
        "egg-mock": "^3.21.0"
      }
    },
    "baseDir": "D:\\web\\egg-exam",
    "HOME": "C:\\Users\\jason",
    "rundir": "D:\\web\\egg-exam\\run",
    "dump": {
      "ignore": "<Set>"
    },
    "confusedConfigurations": {
      "bodyparser": "bodyParser",
      "notFound": "notfound",
      "sitefile": "siteFile",
      "middlewares": "middleware",
      "httpClient": "httpclient"
    },
    "notfound": {
      "pageUrl": ""
    },
    "siteFile": {
      "/favicon.ico": "<Buffer len: 6463>"
    },
    "bodyParser": {
      "enable": true,
      "encoding": "utf8",
      "formLimit": "100kb",
      "jsonLimit": "100kb",
      "strict": true,
      "queryString": {
        "arrayLimit": 100,
        "depth": 5,
        "parameterLimit": 1000
      },
      "returnRawBody": true
    },
    "logger": {
      "dir": "D:\\web\\egg-exam\\logs\\egg-exam",
      "encoding": "utf8",
      "env": "local",
      "level": "INFO",
      "consoleLevel": "INFO",
      "disableConsoleAfterReady": false,
      "outputJSON": false,
      "buffer": true,
      "appLogName": "egg-exam-web.log",
      "coreLogName": "egg-web.log",
      "agentLogName": "egg-agent.log",
      "errorLogName": "common-error.log",
      "coreLogger": {
        "consoleLevel": "WARN"
      },
      "allowDebugAtProd": false,
      "type": "application"
    },
    "httpclient": {
      "enableDNSCache": false,
      "dnsCacheLookupInterval": 10000,
      "dnsCacheMaxLength": 1000,
      "request": {
        "timeout": 5000
      },
      "httpAgent": {
        "keepAlive": true,
        "freeSocketTimeout": 4000,
        "maxSockets": 9007199254740991,
        "maxFreeSockets": 256
      },
      "httpsAgent": {
        "keepAlive": true,
        "freeSocketTimeout": 4000,
        "maxSockets": 9007199254740991,
        "maxFreeSockets": 256
      }
    },
    "meta": {
      "enable": true,
      "logging": false
    },
    "coreMiddleware": [
      "responseTime",
      "gzip",
      "cors",
      "meta",
      "siteFile",
      "notfound",
      "static",
      "singlePage",
      "checkLogin",
      "checkIdentity",
      "bodyParser",
      "overrideMethod",
      "session",
      "securities",
      "i18n",
      "multipart",
      "eggLoaderTrace"
    ],
    "workerStartTimeout": 600000,
    "serverTimeout": null,
    "cluster": {
      "listen": {
        "path": "",
        "port": 7002,
        "hostname": ""
      }
    },
    "clusterClient": {
      "maxWaitTime": 60000,
      "responseTimeout": 60000
    },
    "onClientError": null,
    "log": "<Function anonymous>",
    "questionsRootPath": "D:\\web\\egg-exam\\questions_save",
    "answersRootPath": "D:\\web\\egg-exam\\answers_save",
    "whiteList": [
      {
        "url": "/user/login",
        "method": "POST"
      },
      {
        "url": "/student/login",
        "method": "POST"
      },
      {
        "url": "/manger/student",
        "method": "POST"
      },
      {
        "url": "/manger/grade",
        "method": "GET"
      },
      {
        "url": "/manger/student/edit",
        "method": "PUT"
      },
      {
        "url": {},
        "method": "any"
      },
      {
        "url": {},
        "method": "any"
      },
      {
        "url": "/user/cancelIdentityApi",
        "method": "POST"
      },
      {
        "url": "/user/cancelIdentityView",
        "method": "POST"
      }
    ],
    "identityWhiteList": [
      {
        "url": {},
        "method": "any"
      },
      {
        "url": {},
        "method": "any"
      },
      {
        "url": "/exam/student",
        "method": "POST"
      },
      {
        "url": {},
        "method": "GET"
      },
      {
        "url": {},
        "method": "PUT"
      },
      {
        "url": {},
        "method": "GET"
      },
      {
        "url": {},
        "method": "any"
      },
      {
        "url": "/student/info",
        "method": "GET"
      },
      {
        "url": {},
        "method": "any"
      },
      {
        "url": {},
        "method": "any"
      },
      {
        "url": {},
        "method": "any"
      }
    ],
    "loginWhiteList": [],
    "coreMiddlewares": "~config~coreMiddleware",
    "appMiddlewares": [],
    "appMiddleware": "~config~appMiddlewares",
    "multipartParseOptions": {
      "autoFields": false,
      "defCharset": "utf8",
      "limits": {
        "fieldNameSize": 100,
        "fieldSize": 102400,
        "fields": 10,
        "fileSize": 10485760,
        "files": 10
      },
      "checkFile": "<Function checkFile>"
    }
  },
  "plugins": {
    "session": {
      "enable": true,
      "package": "egg-session",
      "name": "session",
      "dependencies": [],
      "optionalDependencies": [],
      "env": [],
      "from": "D:\\web\\egg-exam\\node_modules\\_egg@2.19.0@egg\\config\\plugin.js",
      "path": "D:\\web\\egg-exam\\node_modules\\_egg-session@3.1.0@egg-session",
      "version": "3.1.0"
    },
    "security": {
      "enable": true,
      "package": "egg-security",
      "name": "security",
      "dependencies": [],
      "optionalDependencies": [
        "session"
      ],
      "env": [],
      "from": "D:\\web\\egg-exam\\node_modules\\_egg@2.19.0@egg\\config\\plugin.js",
      "path": "D:\\web\\egg-exam\\node_modules\\_egg-security@2.4.3@egg-security",
      "version": "2.4.3"
    },
    "jsonp": {
      "enable": true,
      "package": "egg-jsonp",
      "name": "jsonp",
      "dependencies": [],
      "optionalDependencies": [
        "security"
      ],
      "env": [],
      "from": "D:\\web\\egg-exam\\node_modules\\_egg@2.19.0@egg\\config\\plugin.js",
      "path": "D:\\web\\egg-exam\\node_modules\\_egg-jsonp@2.0.0@egg-jsonp",
      "version": "2.0.0"
    },
    "onerror": {
      "enable": true,
      "package": "egg-onerror",
      "name": "onerror",
      "dependencies": [],
      "optionalDependencies": [
        "jsonp"
      ],
      "env": [],
      "from": "D:\\web\\egg-exam\\node_modules\\_egg@2.19.0@egg\\config\\plugin.js",
      "path": "D:\\web\\egg-exam\\node_modules\\_egg-onerror@2.1.0@egg-onerror",
      "version": "2.1.0"
    },
    "i18n": {
      "enable": true,
      "package": "egg-i18n",
      "name": "i18n",
      "dependencies": [],
      "optionalDependencies": [],
      "env": [],
      "from": "D:\\web\\egg-exam\\node_modules\\_egg@2.19.0@egg\\config\\plugin.js",
      "path": "D:\\web\\egg-exam\\node_modules\\_egg-i18n@2.0.0@egg-i18n",
      "version": "2.0.0"
    },
    "watcher": {
      "enable": true,
      "package": "egg-watcher",
      "name": "watcher",
      "dependencies": [],
      "optionalDependencies": [],
      "env": [],
      "from": "D:\\web\\egg-exam\\node_modules\\_egg@2.19.0@egg\\config\\plugin.js",
      "path": "D:\\web\\egg-exam\\node_modules\\_egg-watcher@3.1.0@egg-watcher",
      "version": "3.1.0"
    },
    "schedule": {
      "enable": true,
      "package": "egg-schedule",
      "name": "schedule",
      "dependencies": [],
      "optionalDependencies": [],
      "env": [],
      "from": "D:\\web\\egg-exam\\node_modules\\_egg@2.19.0@egg\\config\\plugin.js",
      "path": "D:\\web\\egg-exam\\node_modules\\_egg-schedule@3.6.0@egg-schedule",
      "version": "3.6.0"
    },
    "multipart": {
      "enable": true,
      "package": "egg-multipart",
      "name": "multipart",
      "dependencies": [],
      "optionalDependencies": [
        "schedule"
      ],
      "env": [],
      "from": "D:\\web\\egg-exam\\node_modules\\_egg@2.19.0@egg\\config\\plugin.js",
      "path": "D:\\web\\egg-exam\\node_modules\\_egg-multipart@2.4.0@egg-multipart",
      "version": "2.4.0"
    },
    "development": {
      "enable": true,
      "package": "egg-development",
      "name": "development",
      "dependencies": [
        "watcher"
      ],
      "optionalDependencies": [],
      "env": [
        "local"
      ],
      "from": "D:\\web\\egg-exam\\node_modules\\_egg@2.19.0@egg\\config\\plugin.js",
      "path": "D:\\web\\egg-exam\\node_modules\\_egg-development@2.4.2@egg-development",
      "version": "2.4.2"
    },
    "logrotator": {
      "enable": true,
      "package": "egg-logrotator",
      "name": "logrotator",
      "dependencies": [
        "schedule"
      ],
      "optionalDependencies": [],
      "env": [],
      "from": "D:\\web\\egg-exam\\node_modules\\_egg@2.19.0@egg\\config\\plugin.js",
      "path": "D:\\web\\egg-exam\\node_modules\\_egg-logrotator@3.0.5@egg-logrotator",
      "version": "3.0.5"
    },
    "static": {
      "enable": true,
      "package": "egg-static",
      "name": "static",
      "dependencies": [],
      "optionalDependencies": [],
      "env": [],
      "from": "D:\\web\\egg-exam\\node_modules\\_egg@2.19.0@egg\\config\\plugin.js",
      "path": "D:\\web\\egg-exam\\node_modules\\_egg-static@2.2.0@egg-static",
      "version": "2.2.0"
    },
    "view": {
      "enable": true,
      "package": "egg-view",
      "name": "view",
      "dependencies": [],
      "optionalDependencies": [],
      "env": [],
      "from": "D:\\web\\egg-exam\\node_modules\\_egg@2.19.0@egg\\config\\plugin.js",
      "path": "D:\\web\\egg-exam\\node_modules\\_egg-view@2.1.2@egg-view",
      "version": "2.1.2"
    },
    "mysql": {
      "enable": true,
      "package": "egg-mysql",
      "name": "mysql",
      "dependencies": [],
      "optionalDependencies": [],
      "env": [],
      "from": "D:\\web\\egg-exam\\config\\plugin.js",
      "path": "D:\\web\\egg-exam\\node_modules\\_egg-mysql@3.0.0@egg-mysql",
      "version": "3.0.0"
    },
    "validate": {
      "enable": true,
      "package": "egg-validate",
      "name": "validate",
      "dependencies": [],
      "optionalDependencies": [],
      "env": [],
      "from": "D:\\web\\egg-exam\\config\\plugin.js",
      "path": "D:\\web\\egg-exam\\node_modules\\_egg-validate@2.0.2@egg-validate",
      "version": "2.0.2"
    },
    "alinode": {
      "enable": true,
      "package": "egg-alinode",
      "name": "alinode",
      "dependencies": [],
      "optionalDependencies": [],
      "env": [],
      "from": "D:\\web\\egg-exam\\config\\plugin.js",
      "path": "D:\\web\\egg-exam\\node_modules\\_egg-alinode@2.0.1@egg-alinode",
      "version": "2.0.1"
    },
    "cors": {
      "enable": true,
      "package": "egg-cors",
      "name": "cors",
      "dependencies": [],
      "optionalDependencies": [],
      "env": [],
      "from": "D:\\web\\egg-exam\\config\\plugin.js",
      "path": "D:\\web\\egg-exam\\node_modules\\_egg-cors@2.2.0@egg-cors",
      "version": "2.2.0"
    }
  }
}