[
  {
    "name": "Application Start",
    "start": 1590025963470,
    "end": 1590025965061,
    "duration": 1591,
    "pid": 11616,
    "index": 0
  },
  {
    "name": "Load Plugin",
    "start": 1590025963477,
    "end": 1590025963521,
    "duration": 44,
    "pid": 11616,
    "index": 1
  },
  {
    "name": "Load Config",
    "start": 1590025963521,
    "end": 1590025963573,
    "duration": 52,
    "pid": 11616,
    "index": 2
  },
  {
    "name": "Require(0) config/config.default.js",
    "start": 1590025963523,
    "end": 1590025963524,
    "duration": 1,
    "pid": 11616,
    "index": 3
  },
  {
    "name": "Require(1) node_modules/_egg-session@3.1.0@egg-session/config/config.default.js",
    "start": 1590025963526,
    "end": 1590025963526,
    "duration": 0,
    "pid": 11616,
    "index": 4
  },
  {
    "name": "Require(2) node_modules/_egg-security@2.4.3@egg-security/config/config.default.js",
    "start": 1590025963527,
    "end": 1590025963528,
    "duration": 1,
    "pid": 11616,
    "index": 5
  },
  {
    "name": "Require(3) node_modules/_egg-jsonp@2.0.0@egg-jsonp/config/config.default.js",
    "start": 1590025963530,
    "end": 1590025963531,
    "duration": 1,
    "pid": 11616,
    "index": 6
  },
  {
    "name": "Require(4) node_modules/_egg-onerror@2.1.0@egg-onerror/config/config.default.js",
    "start": 1590025963532,
    "end": 1590025963533,
    "duration": 1,
    "pid": 11616,
    "index": 7
  },
  {
    "name": "Require(5) node_modules/_egg-i18n@2.0.0@egg-i18n/config/config.default.js",
    "start": 1590025963534,
    "end": 1590025963534,
    "duration": 0,
    "pid": 11616,
    "index": 8
  },
  {
    "name": "Require(6) node_modules/_egg-watcher@3.1.0@egg-watcher/config/config.default.js",
    "start": 1590025963536,
    "end": 1590025963536,
    "duration": 0,
    "pid": 11616,
    "index": 9
  },
  {
    "name": "Require(7) node_modules/_egg-schedule@3.6.0@egg-schedule/config/config.default.js",
    "start": 1590025963537,
    "end": 1590025963538,
    "duration": 1,
    "pid": 11616,
    "index": 10
  },
  {
    "name": "Require(8) node_modules/_egg-multipart@2.4.0@egg-multipart/config/config.default.js",
    "start": 1590025963539,
    "end": 1590025963540,
    "duration": 1,
    "pid": 11616,
    "index": 11
  },
  {
    "name": "Require(9) node_modules/_egg-development@2.4.2@egg-development/config/config.default.js",
    "start": 1590025963541,
    "end": 1590025963541,
    "duration": 0,
    "pid": 11616,
    "index": 12
  },
  {
    "name": "Require(10) node_modules/_egg-logrotator@3.0.5@egg-logrotator/config/config.default.js",
    "start": 1590025963542,
    "end": 1590025963543,
    "duration": 1,
    "pid": 11616,
    "index": 13
  },
  {
    "name": "Require(11) node_modules/_egg-static@2.2.0@egg-static/config/config.default.js",
    "start": 1590025963544,
    "end": 1590025963545,
    "duration": 1,
    "pid": 11616,
    "index": 14
  },
  {
    "name": "Require(12) node_modules/_egg-view@2.1.2@egg-view/config/config.default.js",
    "start": 1590025963546,
    "end": 1590025963547,
    "duration": 1,
    "pid": 11616,
    "index": 15
  },
  {
    "name": "Require(13) node_modules/_egg-mysql@3.0.0@egg-mysql/config/config.default.js",
    "start": 1590025963548,
    "end": 1590025963549,
    "duration": 1,
    "pid": 11616,
    "index": 16
  },
  {
    "name": "Require(14) node_modules/_egg-validate@2.0.2@egg-validate/config/config.default.js",
    "start": 1590025963550,
    "end": 1590025963551,
    "duration": 1,
    "pid": 11616,
    "index": 17
  },
  {
    "name": "Require(15) node_modules/_egg-alinode@2.0.1@egg-alinode/config/config.default.js",
    "start": 1590025963552,
    "end": 1590025963555,
    "duration": 3,
    "pid": 11616,
    "index": 18
  },
  {
    "name": "Require(16) node_modules/_egg-cors@2.2.0@egg-cors/config/config.default.js",
    "start": 1590025963559,
    "end": 1590025963560,
    "duration": 1,
    "pid": 11616,
    "index": 19
  },
  {
    "name": "Require(17) node_modules/_egg@2.19.0@egg/config/config.default.js",
    "start": 1590025963560,
    "end": 1590025963561,
    "duration": 1,
    "pid": 11616,
    "index": 20
  },
  {
    "name": "Require(18) config/config.default.js",
    "start": 1590025963563,
    "end": 1590025963563,
    "duration": 0,
    "pid": 11616,
    "index": 21
  },
  {
    "name": "Require(19) node_modules/_egg-security@2.4.3@egg-security/config/config.local.js",
    "start": 1590025963564,
    "end": 1590025963564,
    "duration": 0,
    "pid": 11616,
    "index": 22
  },
  {
    "name": "Require(20) node_modules/_egg-watcher@3.1.0@egg-watcher/config/config.local.js",
    "start": 1590025963566,
    "end": 1590025963566,
    "duration": 0,
    "pid": 11616,
    "index": 23
  },
  {
    "name": "Require(21) node_modules/_egg-view@2.1.2@egg-view/config/config.local.js",
    "start": 1590025963569,
    "end": 1590025963570,
    "duration": 1,
    "pid": 11616,
    "index": 24
  },
  {
    "name": "Require(22) node_modules/_egg@2.19.0@egg/config/config.local.js",
    "start": 1590025963572,
    "end": 1590025963573,
    "duration": 1,
    "pid": 11616,
    "index": 25
  },
  {
    "name": "Load extend/application.js",
    "start": 1590025963574,
    "end": 1590025963616,
    "duration": 42,
    "pid": 11616,
    "index": 26
  },
  {
    "name": "Require(23) node_modules/_egg-session@3.1.0@egg-session/app/extend/application.js",
    "start": 1590025963575,
    "end": 1590025963581,
    "duration": 6,
    "pid": 11616,
    "index": 27
  },
  {
    "name": "Require(24) node_modules/_egg-security@2.4.3@egg-security/app/extend/application.js",
    "start": 1590025963583,
    "end": 1590025963586,
    "duration": 3,
    "pid": 11616,
    "index": 28
  },
  {
    "name": "Require(25) node_modules/_egg-jsonp@2.0.0@egg-jsonp/app/extend/application.js",
    "start": 1590025963587,
    "end": 1590025963593,
    "duration": 6,
    "pid": 11616,
    "index": 29
  },
  {
    "name": "Require(26) node_modules/_egg-logrotator@3.0.5@egg-logrotator/app/extend/application.js",
    "start": 1590025963596,
    "end": 1590025963601,
    "duration": 5,
    "pid": 11616,
    "index": 30
  },
  {
    "name": "Require(27) node_modules/_egg-view@2.1.2@egg-view/app/extend/application.js",
    "start": 1590025963602,
    "end": 1590025963606,
    "duration": 4,
    "pid": 11616,
    "index": 31
  },
  {
    "name": "Load extend/request.js",
    "start": 1590025963616,
    "end": 1590025963631,
    "duration": 15,
    "pid": 11616,
    "index": 32
  },
  {
    "name": "Require(28) node_modules/_egg@2.19.0@egg/app/extend/request.js",
    "start": 1590025963622,
    "end": 1590025963625,
    "duration": 3,
    "pid": 11616,
    "index": 33
  },
  {
    "name": "Load extend/response.js",
    "start": 1590025963632,
    "end": 1590025963653,
    "duration": 21,
    "pid": 11616,
    "index": 34
  },
  {
    "name": "Require(29) node_modules/_egg@2.19.0@egg/app/extend/response.js",
    "start": 1590025963639,
    "end": 1590025963644,
    "duration": 5,
    "pid": 11616,
    "index": 35
  },
  {
    "name": "Load extend/context.js",
    "start": 1590025963653,
    "end": 1590025963790,
    "duration": 137,
    "pid": 11616,
    "index": 36
  },
  {
    "name": "Require(30) node_modules/_egg-security@2.4.3@egg-security/app/extend/context.js",
    "start": 1590025963654,
    "end": 1590025963685,
    "duration": 31,
    "pid": 11616,
    "index": 37
  },
  {
    "name": "Require(31) node_modules/_egg-jsonp@2.0.0@egg-jsonp/app/extend/context.js",
    "start": 1590025963686,
    "end": 1590025963689,
    "duration": 3,
    "pid": 11616,
    "index": 38
  },
  {
    "name": "Require(32) node_modules/_egg-i18n@2.0.0@egg-i18n/app/extend/context.js",
    "start": 1590025963690,
    "end": 1590025963691,
    "duration": 1,
    "pid": 11616,
    "index": 39
  },
  {
    "name": "Require(33) node_modules/_egg-multipart@2.4.0@egg-multipart/app/extend/context.js",
    "start": 1590025963692,
    "end": 1590025963771,
    "duration": 79,
    "pid": 11616,
    "index": 40
  },
  {
    "name": "Require(34) node_modules/_egg-view@2.1.2@egg-view/app/extend/context.js",
    "start": 1590025963773,
    "end": 1590025963776,
    "duration": 3,
    "pid": 11616,
    "index": 41
  },
  {
    "name": "Require(35) node_modules/_egg-validate@2.0.2@egg-validate/app/extend/context.js",
    "start": 1590025963778,
    "end": 1590025963778,
    "duration": 0,
    "pid": 11616,
    "index": 42
  },
  {
    "name": "Require(36) node_modules/_egg@2.19.0@egg/app/extend/context.js",
    "start": 1590025963780,
    "end": 1590025963783,
    "duration": 3,
    "pid": 11616,
    "index": 43
  },
  {
    "name": "Load extend/helper.js",
    "start": 1590025963790,
    "end": 1590025963845,
    "duration": 55,
    "pid": 11616,
    "index": 44
  },
  {
    "name": "Require(37) node_modules/_egg-security@2.4.3@egg-security/app/extend/helper.js",
    "start": 1590025963791,
    "end": 1590025963832,
    "duration": 41,
    "pid": 11616,
    "index": 45
  },
  {
    "name": "Require(38) node_modules/_egg@2.19.0@egg/app/extend/helper.js",
    "start": 1590025963837,
    "end": 1590025963838,
    "duration": 1,
    "pid": 11616,
    "index": 46
  },
  {
    "name": "Require(39) app/extend/helper.js",
    "start": 1590025963839,
    "end": 1590025963839,
    "duration": 0,
    "pid": 11616,
    "index": 47
  },
  {
    "name": "Load app.js",
    "start": 1590025963845,
    "end": 1590025963973,
    "duration": 128,
    "pid": 11616,
    "index": 48
  },
  {
    "name": "Require(40) node_modules/_egg-session@3.1.0@egg-session/app.js",
    "start": 1590025963846,
    "end": 1590025963847,
    "duration": 1,
    "pid": 11616,
    "index": 49
  },
  {
    "name": "Require(41) node_modules/_egg-security@2.4.3@egg-security/app.js",
    "start": 1590025963848,
    "end": 1590025963852,
    "duration": 4,
    "pid": 11616,
    "index": 50
  },
  {
    "name": "Require(42) node_modules/_egg-onerror@2.1.0@egg-onerror/app.js",
    "start": 1590025963854,
    "end": 1590025963885,
    "duration": 31,
    "pid": 11616,
    "index": 51
  },
  {
    "name": "Require(43) node_modules/_egg-i18n@2.0.0@egg-i18n/app.js",
    "start": 1590025963886,
    "end": 1590025963904,
    "duration": 18,
    "pid": 11616,
    "index": 52
  },
  {
    "name": "Require(44) node_modules/_egg-watcher@3.1.0@egg-watcher/app.js",
    "start": 1590025963905,
    "end": 1590025963914,
    "duration": 9,
    "pid": 11616,
    "index": 53
  },
  {
    "name": "Require(45) node_modules/_egg-schedule@3.6.0@egg-schedule/app.js",
    "start": 1590025963914,
    "end": 1590025963919,
    "duration": 5,
    "pid": 11616,
    "index": 54
  },
  {
    "name": "Require(46) node_modules/_egg-multipart@2.4.0@egg-multipart/app.js",
    "start": 1590025963920,
    "end": 1590025963927,
    "duration": 7,
    "pid": 11616,
    "index": 55
  },
  {
    "name": "Require(47) node_modules/_egg-development@2.4.2@egg-development/app.js",
    "start": 1590025963927,
    "end": 1590025963928,
    "duration": 1,
    "pid": 11616,
    "index": 56
  },
  {
    "name": "Require(48) node_modules/_egg-logrotator@3.0.5@egg-logrotator/app.js",
    "start": 1590025963928,
    "end": 1590025963929,
    "duration": 1,
    "pid": 11616,
    "index": 57
  },
  {
    "name": "Require(49) node_modules/_egg-static@2.2.0@egg-static/app.js",
    "start": 1590025963930,
    "end": 1590025963930,
    "duration": 0,
    "pid": 11616,
    "index": 58
  },
  {
    "name": "Require(50) node_modules/_egg-mysql@3.0.0@egg-mysql/app.js",
    "start": 1590025963931,
    "end": 1590025963962,
    "duration": 31,
    "pid": 11616,
    "index": 59
  },
  {
    "name": "Require(51) node_modules/_egg-validate@2.0.2@egg-validate/app.js",
    "start": 1590025963963,
    "end": 1590025963967,
    "duration": 4,
    "pid": 11616,
    "index": 60
  },
  {
    "name": "Require(52) node_modules/_egg-cors@2.2.0@egg-cors/app.js",
    "start": 1590025963969,
    "end": 1590025963970,
    "duration": 1,
    "pid": 11616,
    "index": 61
  },
  {
    "name": "Require(53) app.js",
    "start": 1590025963972,
    "end": 1590025963973,
    "duration": 1,
    "pid": 11616,
    "index": 62
  },
  {
    "name": "Before Start in node_modules/_egg-watcher@3.1.0@egg-watcher/lib/init.js:15:14",
    "start": 1590025963991,
    "end": 1590025965055,
    "duration": 1064,
    "pid": 11616,
    "index": 63
  },
  {
    "name": "Before Start in node_modules/_egg-mysql@3.0.0@egg-mysql/lib/mysql.js:20:7",
    "start": 1590025964222,
    "end": 1590025965060,
    "duration": 838,
    "pid": 11616,
    "index": 64
  },
  {
    "name": "Load Service",
    "start": 1590025964223,
    "end": 1590025964663,
    "duration": 440,
    "pid": 11616,
    "index": 65
  },
  {
    "name": "Load \"service\" to Context",
    "start": 1590025964223,
    "end": 1590025964663,
    "duration": 440,
    "pid": 11616,
    "index": 66
  },
  {
    "name": "Load Middleware",
    "start": 1590025964663,
    "end": 1590025964966,
    "duration": 303,
    "pid": 11616,
    "index": 67
  },
  {
    "name": "Load \"middlewares\" to Application",
    "start": 1590025964663,
    "end": 1590025964947,
    "duration": 284,
    "pid": 11616,
    "index": 68
  },
  {
    "name": "Load Controller",
    "start": 1590025964966,
    "end": 1590025965003,
    "duration": 37,
    "pid": 11616,
    "index": 69
  },
  {
    "name": "Load \"controller\" to Application",
    "start": 1590025964966,
    "end": 1590025965003,
    "duration": 37,
    "pid": 11616,
    "index": 70
  },
  {
    "name": "Load Router",
    "start": 1590025965003,
    "end": 1590025965020,
    "duration": 17,
    "pid": 11616,
    "index": 71
  },
  {
    "name": "Require(54) app/router.js",
    "start": 1590025965004,
    "end": 1590025965005,
    "duration": 1,
    "pid": 11616,
    "index": 72
  },
  {
    "name": "Before Start in node_modules/_egg-core@4.14.1@egg-core/lib/egg.js:303:10",
    "start": 1590025965005,
    "end": 1590025965037,
    "duration": 32,
    "pid": 11616,
    "index": 73
  }
]